run,split,level,n,n_pos,n_neg,accuracy,balanced_accuracy,sensitivity,specificity,precision,f1,mcc,roc_auc,average_precision,signal_mode,ica_keep_labels,brain_ic_min_gof,brain_ic_use_dipoles,model,seed,overrides,path
winlen0.5min_seed0,train,window,3160,1560,1600,0.8632911392405064,0.863213141025641,0.857051282051282,0.869375,0.8648124191461837,0.8609143593045718,0.7265363187207461,0.9396622596153844,0.936195679846522,raw,"['brain', 'other']",0.0,True,LogisticRegressionCV,0,data.lazy_loading=true; model.class_weight=balanced; data.signal_mode=raw; data.window_len_min=0.5; data.max_windows_per_subject=20; data.seed=0; output_dir=logs/train/window_length/runs/winlen0.5min_seed0,logs/train/window_length/runs/winlen0.5min_seed0
winlen0.5min_seed0,train,subject,158,78,80,0.9493670886075948,0.9495192307692308,0.9615384615384616,0.9375,0.9375,0.9493670886075948,0.8990384615384616,0.9908653846153846,0.9903002576032548,raw,"['brain', 'other']",0.0,True,LogisticRegressionCV,0,data.lazy_loading=true; model.class_weight=balanced; data.signal_mode=raw; data.window_len_min=0.5; data.max_windows_per_subject=20; data.seed=0; output_dir=logs/train/window_length/runs/winlen0.5min_seed0,logs/train/window_length/runs/winlen0.5min_seed0
winlen0.5min_seed0,test,window,820,420,400,0.6329268292682927,0.6325595238095238,0.6476190476190476,0.6175,0.64,0.6437869822485207,0.2652177332906653,0.6490059523809523,0.6319779415858842,raw,"['brain', 'other']",0.0,True,LogisticRegressionCV,0,data.lazy_loading=true; model.class_weight=balanced; data.signal_mode=raw; data.window_len_min=0.5; data.max_windows_per_subject=20; data.seed=0; output_dir=logs/train/window_length/runs/winlen0.5min_seed0,logs/train/window_length/runs/winlen0.5min_seed0
winlen0.5min_seed0,test,subject,41,21,20,0.7073170731707317,0.7047619047619047,0.8095238095238095,0.6,0.68,0.7391304347826086,0.4196370313678692,0.7142857142857143,0.7002590373316101,raw,"['brain', 'other']",0.0,True,LogisticRegressionCV,0,data.lazy_loading=true; model.class_weight=balanced; data.signal_mode=raw; data.window_len_min=0.5; data.max_windows_per_subject=20; data.seed=0; output_dir=logs/train/window_length/runs/winlen0.5min_seed0,logs/train/window_length/runs/winlen0.5min_seed0
winlen0.5min_seed1,train,window,3160,1560,1600,0.8544303797468354,0.8543028846153846,0.8442307692307692,0.864375,0.8585397653194263,0.8513251454427925,0.7088494781335472,0.9311770833333332,0.9280399573990904,raw,"['brain', 'other']",0.0,True,LogisticRegressionCV,1,data.lazy_loading=true; model.class_weight=balanced; data.signal_mode=raw; data.window_len_min=0.5; data.max_windows_per_subject=20; data.seed=1; output_dir=logs/train/window_length/runs/winlen0.5min_seed1,logs/train/window_length/runs/winlen0.5min_seed1
winlen0.5min_seed1,train,subject,158,78,80,0.9556962025316456,0.9557692307692308,0.9615384615384616,0.95,0.9493670886075948,0.9554140127388536,0.9114654303753,0.983173076923077,0.9818628495000834,raw,"['brain', 'other']",0.0,True,LogisticRegressionCV,1,data.lazy_loading=true; model.class_weight=balanced; data.signal_mode=raw; data.window_len_min=0.5; data.max_windows_per_subject=20; data.seed=1; output_dir=logs/train/window_length/runs/winlen0.5min_seed1,logs/train/window_length/runs/winlen0.5min_seed1
winlen0.5min_seed1,test,window,820,420,400,0.6353658536585366,0.6343452380952381,0.6761904761904762,0.5925,0.6353467561521253,0.6551326412918108,0.2697110479167888,0.7092380952380952,0.7248553453942264,raw,"['brain', 'other']",0.0,True,LogisticRegressionCV,1,data.lazy_loading=true; model.class_weight=balanced; data.signal_mode=raw; data.window_len_min=0.5; data.max_windows_per_subject=20; data.seed=1; output_dir=logs/train/window_length/runs/winlen0.5min_seed1,logs/train/window_length/runs/winlen0.5min_seed1
winlen0.5min_seed1,test,subject,41,21,20,0.6585365853658537,0.655952380952381,0.7619047619047619,0.55,0.64,0.6956521739130435,0.3196072738906446,0.7714285714285714,0.8257608533537326,raw,"['brain', 'other']",0.0,True,LogisticRegressionCV,1,data.lazy_loading=true; model.class_weight=balanced; data.signal_mode=raw; data.window_len_min=0.5; data.max_windows_per_subject=20; data.seed=1; output_dir=logs/train/window_length/runs/winlen0.5min_seed1,logs/train/window_length/runs/winlen0.5min_seed1
winlen0.5min_seed2,train,window,3160,1560,1600,0.85,0.8499439102564103,0.8455128205128205,0.854375,0.8498711340206185,0.8476863753213367,0.6999416642502939,0.9327752403846152,0.9312980706133386,raw,"['brain', 'other']",0.0,True,LogisticRegressionCV,2,data.lazy_loading=true; model.class_weight=balanced; data.signal_mode=raw; data.window_len_min=0.5; data.max_windows_per_subject=20; data.seed=2; output_dir=logs/train/window_length/runs/winlen0.5min_seed2,logs/train/window_length/runs/winlen0.5min_seed2
winlen0.5min_seed2,train,subject,158,78,80,0.9430379746835444,0.9434294871794872,0.9743589743589745,0.9125,0.9156626506024096,0.9440993788819876,0.8879268362441244,0.9846153846153846,0.9838897901583046,raw,"['brain', 'other']",0.0,True,LogisticRegressionCV,2,data.lazy_loading=true; model.class_weight=balanced; data.signal_mode=raw; data.window_len_min=0.5; data.max_windows_per_subject=20; data.seed=2; output_dir=logs/train/window_length/runs/winlen0.5min_seed2,logs/train/window_length/runs/winlen0.5min_seed2
winlen0.5min_seed2,test,window,820,420,400,0.6012195121951219,0.5997023809523809,0.6619047619047619,0.5375,0.6004319654427646,0.6296715741789355,0.2010321709380031,0.6594107142857142,0.6894921296091601,raw,"['brain', 'other']",0.0,True,LogisticRegressionCV,2,data.lazy_loading=true; model.class_weight=balanced; data.signal_mode=raw; data.window_len_min=0.5; data.max_windows_per_subject=20; data.seed=2; output_dir=logs/train/window_length/runs/winlen0.5min_seed2,logs/train/window_length/runs/winlen0.5min_seed2
winlen0.5min_seed2,test,subject,41,21,20,0.6097560975609756,0.6071428571428572,0.7142857142857143,0.5,0.6,0.6521739130434783,0.2195775164134199,0.7166666666666667,0.787495034442039,raw,"['brain', 'other']",0.0,True,LogisticRegressionCV,2,data.lazy_loading=true; model.class_weight=balanced; data.signal_mode=raw; data.window_len_min=0.5; data.max_windows_per_subject=20; data.seed=2; output_dir=logs/train/window_length/runs/winlen0.5min_seed2,logs/train/window_length/runs/winlen0.5min_seed2
winlen0.5min_seed3,train,window,3160,1560,1600,0.8613924050632912,0.8612820512820513,0.8525641025641025,0.87,0.8647594278283485,0.8586184635248547,0.7227616148967423,0.9361073717948718,0.9304989686117217,raw,"['brain', 'other']",0.0,True,LogisticRegressionCV,3,data.lazy_loading=true; model.class_weight=balanced; data.signal_mode=raw; data.window_len_min=0.5; data.max_windows_per_subject=20; data.seed=3; output_dir=logs/train/window_length/runs/winlen0.5min_seed3,logs/train/window_length/runs/winlen0.5min_seed3
winlen0.5min_seed3,train,subject,158,78,80,0.930379746835443,0.9306089743589744,0.9487179487179488,0.9125,0.9135802469135802,0.9308176100628932,0.8614250469411462,0.9815705128205128,0.9795530011140746,raw,"['brain', 'other']",0.0,True,LogisticRegressionCV,3,data.lazy_loading=true; model.class_weight=balanced; data.signal_mode=raw; data.window_len_min=0.5; data.max_windows_per_subject=20; data.seed=3; output_dir=logs/train/window_length/runs/winlen0.5min_seed3,logs/train/window_length/runs/winlen0.5min_seed3
winlen0.5min_seed3,test,window,820,420,400,0.6926829268292682,0.6914880952380953,0.7404761904761905,0.6425,0.6850220264317181,0.7116704805491991,0.3850861921174438,0.7293571428571428,0.7145906693421528,raw,"['brain', 'other']",0.0,True,LogisticRegressionCV,3,data.lazy_loading=true; model.class_weight=balanced; data.signal_mode=raw; data.window_len_min=0.5; data.max_windows_per_subject=20; data.seed=3; output_dir=logs/train/window_length/runs/winlen0.5min_seed3,logs/train/window_length/runs/winlen0.5min_seed3
winlen0.5min_seed3,test,subject,41,21,20,0.8048780487804879,0.8023809523809524,0.9047619047619048,0.7,0.76,0.8260869565217391,0.6196965463223185,0.8476190476190476,0.8164331344608204,raw,"['brain', 'other']",0.0,True,LogisticRegressionCV,3,data.lazy_loading=true; model.class_weight=balanced; data.signal_mode=raw; data.window_len_min=0.5; data.max_windows_per_subject=20; data.seed=3; output_dir=logs/train/window_length/runs/winlen0.5min_seed3,logs/train/window_length/runs/winlen0.5min_seed3
winlen0.5min_seed4,train,window,3160,1560,1600,0.8449367088607594,0.8447756410256411,0.8320512820512821,0.8575,0.8505897771952818,0.8412184057031756,0.6898990832808086,0.9308713942307691,0.92755717367221,raw,"['brain', 'other']",0.0,True,LogisticRegressionCV,4,data.lazy_loading=true; model.class_weight=balanced; data.signal_mode=raw; data.window_len_min=0.5; data.max_windows_per_subject=20; data.seed=4; output_dir=logs/train/window_length/runs/winlen0.5min_seed4,logs/train/window_length/runs/winlen0.5min_seed4
winlen0.5min_seed4,train,subject,158,78,80,0.9240506329113924,0.9245192307692308,0.9615384615384616,0.8875,0.8928571428571429,0.925925925925926,0.8506759528601809,0.9841346153846154,0.983445837954624,raw,"['brain', 'other']",0.0,True,LogisticRegressionCV,4,data.lazy_loading=true; model.class_weight=balanced; data.signal_mode=raw; data.window_len_min=0.5; data.max_windows_per_subject=20; data.seed=4; output_dir=logs/train/window_length/runs/winlen0.5min_seed4,logs/train/window_length/runs/winlen0.5min_seed4
winlen0.5min_seed4,test,window,820,420,400,0.6695121951219513,0.6716071428571428,0.5857142857142857,0.7575,0.717201166180758,0.6448230668414154,0.3477873229330429,0.7662380952380953,0.7632122402616153,raw,"['brain', 'other']",0.0,True,LogisticRegressionCV,4,data.lazy_loading=true; model.class_weight=balanced; data.signal_mode=raw; data.window_len_min=0.5; data.max_windows_per_subject=20; data.seed=4; output_dir=logs/train/window_length/runs/winlen0.5min_seed4,logs/train/window_length/runs/winlen0.5min_seed4
winlen0.5min_seed4,test,subject,41,21,20,0.6829268292682927,0.6845238095238095,0.6190476190476191,0.75,0.7222222222222222,0.6666666666666666,0.3717122573986995,0.8238095238095238,0.8445312320944098,raw,"['brain', 'other']",0.0,True,LogisticRegressionCV,4,data.lazy_loading=true; model.class_weight=balanced; data.signal_mode=raw; data.window_len_min=0.5; data.max_windows_per_subject=20; data.seed=4; output_dir=logs/train/window_length/runs/winlen0.5min_seed4,logs/train/window_length/runs/winlen0.5min_seed4
winlen1min_seed0,train,window,3150,1560,1590,0.8638095238095238,0.8637699564586357,0.8596153846153847,0.8679245283018868,0.8646034816247582,0.8621022179363549,0.7275913952618949,0.9398790517658442,0.9394675114577012,raw,"['brain', 'other']",0.0,True,LogisticRegressionCV,0,data.lazy_loading=true; model.class_weight=balanced; data.signal_mode=raw; data.window_len_min=1; data.max_windows_per_subject=20; data.seed=0; output_dir=logs/train/window_length/runs/winlen1min_seed0,logs/train/window_length/runs/winlen1min_seed0
winlen1min_seed0,train,subject,158,78,80,0.9430379746835444,0.9434294871794872,0.9743589743589745,0.9125,0.9156626506024096,0.9440993788819876,0.8879268362441244,0.9870192307692308,0.9863269385023328,raw,"['brain', 'other']",0.0,True,LogisticRegressionCV,0,data.lazy_loading=true; model.class_weight=balanced; data.signal_mode=raw; data.window_len_min=1; data.max_windows_per_subject=20; data.seed=0; output_dir=logs/train/window_length/runs/winlen1min_seed0,logs/train/window_length/runs/winlen1min_seed0
winlen1min_seed0,test,window,815,420,395,0.660122699386503,0.6613471971066908,0.6214285714285714,0.7012658227848101,0.6886543535620053,0.6533166458072591,0.3233342898970765,0.7048704038577457,0.7274460881676648,raw,"['brain', 'other']",0.0,True,LogisticRegressionCV,0,data.lazy_loading=true; model.class_weight=balanced; data.signal_mode=raw; data.window_len_min=1; data.max_windows_per_subject=20; data.seed=0; output_dir=logs/train/window_length/runs/winlen1min_seed0,logs/train/window_length/runs/winlen1min_seed0
winlen1min_seed0,test,subject,41,21,20,0.7560975609756098,0.7571428571428571,0.7142857142857143,0.8,0.7894736842105263,0.75,0.5155145946859746,0.7857142857142857,0.7919924856801095,raw,"['brain', 'other']",0.0,True,LogisticRegressionCV,0,data.lazy_loading=true; model.class_weight=balanced; data.signal_mode=raw; data.window_len_min=1; data.max_windows_per_subject=20; data.seed=0; output_dir=logs/train/window_length/runs/winlen1min_seed0,logs/train/window_length/runs/winlen1min_seed0
winlen1min_seed1,train,window,3147,1560,1587,0.8624086431522084,0.8623085405457807,0.8506410256410256,0.8739760554505356,0.8690242305173543,0.8597343699384515,0.7249070175523208,0.9410906726124116,0.938771708583748,raw,"['brain', 'other']",0.0,True,LogisticRegressionCV,1,data.lazy_loading=true; model.class_weight=balanced; data.signal_mode=raw; data.window_len_min=1; data.max_windows_per_subject=20; data.seed=1; output_dir=logs/train/window_length/runs/winlen1min_seed1,logs/train/window_length/runs/winlen1min_seed1
winlen1min_seed1,train,subject,158,78,80,0.930379746835443,0.9302884615384616,0.9230769230769232,0.9375,0.935064935064935,0.9290322580645162,0.8607838671518337,0.9884615384615384,0.9890840356707796,raw,"['brain', 'other']",0.0,True,LogisticRegressionCV,1,data.lazy_loading=true; model.class_weight=balanced; data.signal_mode=raw; data.window_len_min=1; data.max_windows_per_subject=20; data.seed=1; output_dir=logs/train/window_length/runs/winlen1min_seed1,logs/train/window_length/runs/winlen1min_seed1
winlen1min_seed1,test,window,818,420,398,0.6014669926650367,0.6022972002871501,0.5714285714285714,0.6331658291457286,0.6217616580310881,0.5955334987593052,0.2048445430539829,0.6640344580043072,0.696137653332394,raw,"['brain', 'other']",0.0,True,LogisticRegressionCV,1,data.lazy_loading=true; model.class_weight=balanced; data.signal_mode=raw; data.window_len_min=1; data.max_windows_per_subject=20; data.seed=1; output_dir=logs/train/window_length/runs/winlen1min_seed1,logs/train/window_length/runs/winlen1min_seed1
winlen1min_seed1,test,subject,41,21,20,0.6097560975609756,0.6107142857142858,0.5714285714285714,0.65,0.631578947368421,0.6,0.2219576727120168,0.7333333333333334,0.7556182832769316,raw,"['brain', 'other']",0.0,True,LogisticRegressionCV,1,data.lazy_loading=true; model.class_weight=balanced; data.signal_mode=raw; data.window_len_min=1; data.max_windows_per_subject=20; data.seed=1; output_dir=logs/train/window_length/runs/winlen1min_seed1,logs/train/window_length/runs/winlen1min_seed1
winlen1min_seed2,train,window,3147,1560,1587,0.8544645694312043,0.8544102321748824,0.8480769230769231,0.8607435412728418,0.8568652849740933,0.8524484536082474,0.7089189751153073,0.9343984780185156,0.9309810649169792,raw,"['brain', 'other']",0.0,True,LogisticRegressionCV,2,data.lazy_loading=true; model.class_weight=balanced; data.signal_mode=raw; data.window_len_min=1; data.max_windows_per_subject=20; data.seed=2; output_dir=logs/train/window_length/runs/winlen1min_seed2,logs/train/window_length/runs/winlen1min_seed2
winlen1min_seed2,train,subject,158,78,80,0.9493670886075948,0.9495192307692308,0.9615384615384616,0.9375,0.9375,0.9493670886075948,0.8990384615384616,0.9895833333333334,0.9892663735125592,raw,"['brain', 'other']",0.0,True,LogisticRegressionCV,2,data.lazy_loading=true; model.class_weight=balanced; data.signal_mode=raw; data.window_len_min=1; data.max_windows_per_subject=20; data.seed=2; output_dir=logs/train/window_length/runs/winlen1min_seed2,logs/train/window_length/runs/winlen1min_seed2
winlen1min_seed2,test,window,818,420,398,0.6894865525672371,0.6885379277339077,0.7238095238095238,0.6532663316582915,0.6877828054298643,0.7053364269141531,0.3781724168635624,0.7716738454175639,0.7537970924626839,raw,"['brain', 'other']",0.0,True,LogisticRegressionCV,2,data.lazy_loading=true; model.class_weight=balanced; data.signal_mode=raw; data.window_len_min=1; data.max_windows_per_subject=20; data.seed=2; output_dir=logs/train/window_length/runs/winlen1min_seed2,logs/train/window_length/runs/winlen1min_seed2
winlen1min_seed2,test,subject,41,21,20,0.7560975609756098,0.7559523809523809,0.7619047619047619,0.75,0.7619047619047619,0.7619047619047619,0.5119047619047619,0.8333333333333334,0.8204491744939411,raw,"['brain', 'other']",0.0,True,LogisticRegressionCV,2,data.lazy_loading=true; model.class_weight=balanced; data.signal_mode=raw; data.window_len_min=1; data.max_windows_per_subject=20; data.seed=2; output_dir=logs/train/window_length/runs/winlen1min_seed2,logs/train/window_length/runs/winlen1min_seed2
winlen1min_seed3,train,window,3148,1560,1588,0.8589580686149937,0.8588112768843248,0.8423076923076923,0.8753148614609572,0.8690476190476191,0.85546875,0.718151517373986,0.9374531744493962,0.9357556855381052,raw,"['brain', 'other']",0.0,True,LogisticRegressionCV,3,data.lazy_loading=true; model.class_weight=balanced; data.signal_mode=raw; data.window_len_min=1; data.max_windows_per_subject=20; data.seed=3; output_dir=logs/train/window_length/runs/winlen1min_seed3,logs/train/window_length/runs/winlen1min_seed3
winlen1min_seed3,train,subject,158,78,80,0.9493670886075948,0.9495192307692308,0.9615384615384616,0.9375,0.9375,0.9493670886075948,0.8990384615384616,0.9868589743589744,0.9860424850772638,raw,"['brain', 'other']",0.0,True,LogisticRegressionCV,3,data.lazy_loading=true; model.class_weight=balanced; data.signal_mode=raw; data.window_len_min=1; data.max_windows_per_subject=20; data.seed=3; output_dir=logs/train/window_length/runs/winlen1min_seed3,logs/train/window_length/runs/winlen1min_seed3
winlen1min_seed3,test,window,817,420,397,0.6254589963280294,0.6259895645915796,0.6071428571428571,0.6448362720403022,0.6439393939393939,0.625,0.2519972656591741,0.6851805205709487,0.6882557606403475,raw,"['brain', 'other']",0.0,True,LogisticRegressionCV,3,data.lazy_loading=true; model.class_weight=balanced; data.signal_mode=raw; data.window_len_min=1; data.max_windows_per_subject=20; data.seed=3; output_dir=logs/train/window_length/runs/winlen1min_seed3,logs/train/window_length/runs/winlen1min_seed3
winlen1min_seed3,test,subject,41,21,20,0.7560975609756098,0.7559523809523809,0.7619047619047619,0.75,0.7619047619047619,0.7619047619047619,0.5119047619047619,0.7523809523809524,0.7612149773350927,raw,"['brain', 'other']",0.0,True,LogisticRegressionCV,3,data.lazy_loading=true; model.class_weight=balanced; data.signal_mode=raw; data.window_len_min=1; data.max_windows_per_subject=20; data.seed=3; output_dir=logs/train/window_length/runs/winlen1min_seed3,logs/train/window_length/runs/winlen1min_seed3
winlen1min_seed4,train,window,3153,1560,1593,0.8696479543292103,0.8694510840697282,0.8506410256410256,0.8882611424984307,0.8817275747508305,0.865905383360522,0.7396227724924999,0.9405025190335924,0.94089982826457,raw,"['brain', 'other']",0.0,True,LogisticRegressionCV,4,data.lazy_loading=true; model.class_weight=balanced; data.signal_mode=raw; data.window_len_min=1; data.max_windows_per_subject=20; data.seed=4; output_dir=logs/train/window_length/runs/winlen1min_seed4,logs/train/window_length/runs/winlen1min_seed4
winlen1min_seed4,train,subject,158,78,80,0.9367088607594936,0.9370192307692308,0.9615384615384616,0.9125,0.9146341463414634,0.9375,0.8745992819115582,0.991025641025641,0.9905807306746168,raw,"['brain', 'other']",0.0,True,LogisticRegressionCV,4,data.lazy_loading=true; model.class_weight=balanced; data.signal_mode=raw; data.window_len_min=1; data.max_windows_per_subject=20; data.seed=4; output_dir=logs/train/window_length/runs/winlen1min_seed4,logs/train/window_length/runs/winlen1min_seed4
winlen1min_seed4,test,window,812,420,392,0.5862068965517241,0.5851190476190476,0.6166666666666667,0.5535714285714286,0.5967741935483871,0.6065573770491803,0.1705429085443781,0.6245748299319729,0.641288314602074,raw,"['brain', 'other']",0.0,True,LogisticRegressionCV,4,data.lazy_loading=true; model.class_weight=balanced; data.signal_mode=raw; data.window_len_min=1; data.max_windows_per_subject=20; data.seed=4; output_dir=logs/train/window_length/runs/winlen1min_seed4,logs/train/window_length/runs/winlen1min_seed4
winlen1min_seed4,test,subject,41,21,20,0.6829268292682927,0.6821428571428572,0.7142857142857143,0.65,0.6818181818181818,0.6976744186046512,0.3651561712358987,0.6547619047619048,0.7054626592034612,raw,"['brain', 'other']",0.0,True,LogisticRegressionCV,4,data.lazy_loading=true; model.class_weight=balanced; data.signal_mode=raw; data.window_len_min=1; data.max_windows_per_subject=20; data.seed=4; output_dir=logs/train/window_length/runs/winlen1min_seed4,logs/train/window_length/runs/winlen1min_seed4
winlen2min_seed0,train,window,2503,1374,1129,0.8645625249700359,0.8664505823060946,0.8471615720524017,0.8857395925597874,0.9002320185614849,0.8728908886389202,0.7297830993116794,0.9390702699636292,0.9510780382521904,raw,"['brain', 'other']",0.0,True,LogisticRegressionCV,0,data.lazy_loading=true; model.class_weight=balanced; data.signal_mode=raw; data.window_len_min=2; data.max_windows_per_subject=20; data.seed=0; output_dir=logs/train/window_length/runs/winlen2min_seed0,logs/train/window_length/runs/winlen2min_seed0
winlen2min_seed0,train,subject,158,78,80,0.9113924050632912,0.9113782051282052,0.9102564102564102,0.9125,0.9102564102564102,0.9102564102564102,0.8227564102564102,0.9769230769230768,0.9748743377585436,raw,"['brain', 'other']",0.0,True,LogisticRegressionCV,0,data.lazy_loading=true; model.class_weight=balanced; data.signal_mode=raw; data.window_len_min=2; data.max_windows_per_subject=20; data.seed=0; output_dir=logs/train/window_length/runs/winlen2min_seed0,logs/train/window_length/runs/winlen2min_seed0
winlen2min_seed0,test,window,682,392,290,0.6290322580645161,0.6261523574947221,0.6454081632653061,0.6068965517241379,0.6893732970027248,0.6666666666666666,0.2501952671146705,0.6764162561576355,0.7392920538110832,raw,"['brain', 'other']",0.0,True,LogisticRegressionCV,0,data.lazy_loading=true; model.class_weight=balanced; data.signal_mode=raw; data.window_len_min=2; data.max_windows_per_subject=20; data.seed=0; output_dir=logs/train/window_length/runs/winlen2min_seed0,logs/train/window_length/runs/winlen2min_seed0
winlen2min_seed0,test,subject,41,21,20,0.6341463414634146,0.6321428571428571,0.7142857142857143,0.55,0.625,0.6666666666666666,0.2681441039892574,0.7714285714285715,0.7807517096661398,raw,"['brain', 'other']",0.0,True,LogisticRegressionCV,0,data.lazy_loading=true; model.class_weight=balanced; data.signal_mode=raw; data.window_len_min=2; data.max_windows_per_subject=20; data.seed=0; output_dir=logs/train/window_length/runs/winlen2min_seed0,logs/train/window_length/runs/winlen2min_seed0
winlen2min_seed1,train,window,2504,1394,1110,0.8638178913738019,0.8639245414711699,0.8629842180774749,0.8648648648648649,0.8891352549889135,0.8758645795413178,0.7255171039355952,0.9384834619411376,0.9519914513955636,raw,"['brain', 'other']",0.0,True,LogisticRegressionCV,1,data.lazy_loading=true; model.class_weight=balanced; data.signal_mode=raw; data.window_len_min=2; data.max_windows_per_subject=20; data.seed=1; output_dir=logs/train/window_length/runs/winlen2min_seed1,logs/train/window_length/runs/winlen2min_seed1
winlen2min_seed1,train,subject,158,78,80,0.9367088607594936,0.9368589743589744,0.9487179487179488,0.925,0.925,0.9367088607594936,0.8737179487179487,0.9836538461538462,0.9834108749854552,raw,"['brain', 'other']",0.0,True,LogisticRegressionCV,1,data.lazy_loading=true; model.class_weight=balanced; data.signal_mode=raw; data.window_len_min=2; data.max_windows_per_subject=20; data.seed=1; output_dir=logs/train/window_length/runs/winlen2min_seed1,logs/train/window_length/runs/winlen2min_seed1
winlen2min_seed1,test,window,681,372,309,0.657856093979442,0.6555877440233845,0.6801075268817204,0.6310679611650486,0.6893732970027248,0.6847090663058186,0.3107837000229286,0.6968368305668651,0.6961087145674989,raw,"['brain', 'other']",0.0,True,LogisticRegressionCV,1,data.lazy_loading=true; model.class_weight=balanced; data.signal_mode=raw; data.window_len_min=2; data.max_windows_per_subject=20; data.seed=1; output_dir=logs/train/window_length/runs/winlen2min_seed1,logs/train/window_length/runs/winlen2min_seed1
winlen2min_seed1,test,subject,41,21,20,0.6829268292682927,0.6833333333333333,0.6666666666666666,0.7,0.7,0.6829268292682927,0.3666666666666666,0.7595238095238095,0.755570994595798,raw,"['brain', 'other']",0.0,True,LogisticRegressionCV,1,data.lazy_loading=true; model.class_weight=balanced; data.signal_mode=raw; data.window_len_min=2; data.max_windows_per_subject=20; data.seed=1; output_dir=logs/train/window_length/runs/winlen2min_seed1,logs/train/window_length/runs/winlen2min_seed1
winlen2min_seed2,train,window,2502,1392,1110,0.9320543565147882,0.9341915191053124,0.9152298850574712,0.9531531531531532,0.9607843137254902,0.9374540103016924,0.8644044939822124,0.979434607020814,0.984740268816584,raw,"['brain', 'other']",0.0,True,LogisticRegressionCV,2,data.lazy_loading=true; model.class_weight=balanced; data.signal_mode=raw; data.window_len_min=2; data.max_windows_per_subject=20; data.seed=2; output_dir=logs/train/window_length/runs/winlen2min_seed2,logs/train/window_length/runs/winlen2min_seed2
winlen2min_seed2,train,subject,158,78,80,0.9873417721518988,0.9873397435897436,0.9871794871794872,0.9875,0.9871794871794872,0.9871794871794872,0.9746794871794872,0.9998397435897436,0.9998377150275884,raw,"['brain', 'other']",0.0,True,LogisticRegressionCV,2,data.lazy_loading=true; model.class_weight=balanced; data.signal_mode=raw; data.window_len_min=2; data.max_windows_per_subject=20; data.seed=2; output_dir=logs/train/window_length/runs/winlen2min_seed2,logs/train/window_length/runs/winlen2min_seed2
winlen2min_seed2,test,window,683,374,309,0.6852122986822841,0.686131734247097,0.6764705882352942,0.6957928802588996,0.729106628242075,0.7018030513176144,0.3706219051729257,0.7520724088399702,0.763746718266052,raw,"['brain', 'other']",0.0,True,LogisticRegressionCV,2,data.lazy_loading=true; model.class_weight=balanced; data.signal_mode=raw; data.window_len_min=2; data.max_windows_per_subject=20; data.seed=2; output_dir=logs/train/window_length/runs/winlen2min_seed2,logs/train/window_length/runs/winlen2min_seed2
winlen2min_seed2,test,subject,41,21,20,0.7073170731707317,0.7071428571428571,0.7142857142857143,0.7,0.7142857142857143,0.7142857142857143,0.4142857142857143,0.7952380952380953,0.8218466107056752,raw,"['brain', 'other']",0.0,True,LogisticRegressionCV,2,data.lazy_loading=true; model.class_weight=balanced; data.signal_mode=raw; data.window_len_min=2; data.max_windows_per_subject=20; data.seed=2; output_dir=logs/train/window_length/runs/winlen2min_seed2,logs/train/window_length/runs/winlen2min_seed2
winlen2min_seed3,train,window,2521,1405,1116,0.8556128520428401,0.8566391152948379,0.8476868327402135,0.8655913978494624,0.8881431767337807,0.8674435542607429,0.7100253200992129,0.9368403933723646,0.947307654398778,raw,"['brain', 'other']",0.0,True,LogisticRegressionCV,3,data.lazy_loading=true; model.class_weight=balanced; data.signal_mode=raw; data.window_len_min=2; data.max_windows_per_subject=20; data.seed=3; output_dir=logs/train/window_length/runs/winlen2min_seed3,logs/train/window_length/runs/winlen2min_seed3
winlen2min_seed3,train,subject,158,78,80,0.9050632911392406,0.9051282051282052,0.9102564102564102,0.9,0.8987341772151899,0.9044585987261148,0.8101914936669333,0.9761217948717948,0.9762545190939518,raw,"['brain', 'other']",0.0,True,LogisticRegressionCV,3,data.lazy_loading=true; model.class_weight=balanced; data.signal_mode=raw; data.window_len_min=2; data.max_windows_per_subject=20; data.seed=3; output_dir=logs/train/window_length/runs/winlen2min_seed3,logs/train/window_length/runs/winlen2min_seed3
winlen2min_seed3,test,window,664,361,303,0.6686746987951807,0.6648016602214237,0.7091412742382271,0.6204620462046204,0.6900269541778976,0.6994535519125683,0.3306326426968101,0.7616082937933683,0.7776997222926405,raw,"['brain', 'other']",0.0,True,LogisticRegressionCV,3,data.lazy_loading=true; model.class_weight=balanced; data.signal_mode=raw; data.window_len_min=2; data.max_windows_per_subject=20; data.seed=3; output_dir=logs/train/window_length/runs/winlen2min_seed3,logs/train/window_length/runs/winlen2min_seed3
winlen2min_seed3,test,subject,41,21,20,0.7073170731707317,0.7059523809523809,0.7619047619047619,0.65,0.6956521739130435,0.7272727272727273,0.4148788421288711,0.7928571428571428,0.8230039509976486,raw,"['brain', 'other']",0.0,True,LogisticRegressionCV,3,data.lazy_loading=true; model.class_weight=balanced; data.signal_mode=raw; data.window_len_min=2; data.max_windows_per_subject=20; data.seed=3; output_dir=logs/train/window_length/runs/winlen2min_seed3,logs/train/window_length/runs/winlen2min_seed3
winlen2min_seed4,train,window,2536,1374,1162,0.9988170347003156,0.9989082969432316,0.9978165938864628,1.0,1.0,0.9989071038251366,0.9976207240706956,0.9999943629790528,0.9999952572677951,raw,"['brain', 'other']",0.0,True,LogisticRegressionCV,4,data.lazy_loading=true; model.class_weight=balanced; data.signal_mode=raw; data.window_len_min=2; data.max_windows_per_subject=20; data.seed=4; output_dir=logs/train/window_length/runs/winlen2min_seed4,logs/train/window_length/runs/winlen2min_seed4
winlen2min_seed4,train,subject,158,78,80,1.0,1.0,1.0,1.0,1.0,1.0,1.0,1.0,0.9999999999999998,raw,"['brain', 'other']",0.0,True,LogisticRegressionCV,4,data.lazy_loading=true; model.class_weight=balanced; data.signal_mode=raw; data.window_len_min=2; data.max_windows_per_subject=20; data.seed=4; output_dir=logs/train/window_length/runs/winlen2min_seed4,logs/train/window_length/runs/winlen2min_seed4
winlen2min_seed4,test,window,649,392,257,0.6317411402157165,0.6087211149051059,0.7193877551020408,0.4980544747081712,0.6861313868613139,0.7023661270236613,0.220670408359954,0.6418049710156436,0.7249003424587842,raw,"['brain', 'other']",0.0,True,LogisticRegressionCV,4,data.lazy_loading=true; model.class_weight=balanced; data.signal_mode=raw; data.window_len_min=2; data.max_windows_per_subject=20; data.seed=4; output_dir=logs/train/window_length/runs/winlen2min_seed4,logs/train/window_length/runs/winlen2min_seed4
winlen2min_seed4,test,subject,41,21,20,0.7804878048780488,0.7773809523809524,0.9047619047619048,0.65,0.7307692307692307,0.8085106382978723,0.575703635940122,0.7952380952380952,0.774851719287537,raw,"['brain', 'other']",0.0,True,LogisticRegressionCV,4,data.lazy_loading=true; model.class_weight=balanced; data.signal_mode=raw; data.window_len_min=2; data.max_windows_per_subject=20; data.seed=4; output_dir=logs/train/window_length/runs/winlen2min_seed4,logs/train/window_length/runs/winlen2min_seed4
winlen5min_seed0,train,window,1691,1072,619,0.8551153163808397,0.8628580642827864,0.8339552238805971,0.8917609046849758,0.9302809573361084,0.8794884407279882,0.7058076616672502,0.9354971909435056,0.9630993307501132,raw,"['brain', 'other']",0.0,True,LogisticRegressionCV,0,data.lazy_loading=true; model.class_weight=balanced; data.signal_mode=raw; data.window_len_min=5; data.max_windows_per_subject=20; data.seed=0; output_dir=logs/train/window_length/runs/winlen5min_seed0,logs/train/window_length/runs/winlen5min_seed0
winlen5min_seed0,train,subject,158,78,80,0.8734177215189873,0.8732371794871794,0.8589743589743589,0.8875,0.881578947368421,0.8701298701298701,0.7469533287759513,0.9512820512820512,0.9557138211405848,raw,"['brain', 'other']",0.0,True,LogisticRegressionCV,0,data.lazy_loading=true; model.class_weight=balanced; data.signal_mode=raw; data.window_len_min=5; data.max_windows_per_subject=20; data.seed=0; output_dir=logs/train/window_length/runs/winlen5min_seed0,logs/train/window_length/runs/winlen5min_seed0
winlen5min_seed0,test,window,375,250,125,0.6693333333333333,0.6819999999999999,0.644,0.72,0.8214285714285714,0.7219730941704036,0.3435356746780984,0.7681600000000001,0.8671096706784142,raw,"['brain', 'other']",0.0,True,LogisticRegressionCV,0,data.lazy_loading=true; model.class_weight=balanced; data.signal_mode=raw; data.window_len_min=5; data.max_windows_per_subject=20; data.seed=0; output_dir=logs/train/window_length/runs/winlen5min_seed0,logs/train/window_length/runs/winlen5min_seed0
winlen5min_seed0,test,subject,41,21,20,0.6585365853658537,0.6595238095238095,0.6190476190476191,0.7,0.6842105263157895,0.65,0.3198099800366694,0.7452380952380953,0.7564577686268297,raw,"['brain', 'other']",0.0,True,LogisticRegressionCV,0,data.lazy_loading=true; model.class_weight=balanced; data.signal_mode=raw; data.window_len_min=5; data.max_windows_per_subject=20; data.seed=0; output_dir=logs/train/window_length/runs/winlen5min_seed0,logs/train/window_length/runs/winlen5min_seed0
winlen5min_seed1,train,window,1653,1034,619,0.8638838475499092,0.8668845676716985,0.8549323017408124,0.8788368336025848,0.921793534932221,0.8871048670346212,0.7195748818935621,0.9386622211528548,0.9629256109609532,raw,"['brain', 'other']",0.0,True,LogisticRegressionCV,1,data.lazy_loading=true; model.class_weight=balanced; data.signal_mode=raw; data.window_len_min=5; data.max_windows_per_subject=20; data.seed=1; output_dir=logs/train/window_length/runs/winlen5min_seed1,logs/train/window_length/runs/winlen5min_seed1
winlen5min_seed1,train,subject,158,78,80,0.879746835443038,0.8798076923076923,0.8846153846153846,0.875,0.8734177215189873,0.8789808917197452,0.75955452531275,0.941025641025641,0.9460127210317116,raw,"['brain', 'other']",0.0,True,LogisticRegressionCV,1,data.lazy_loading=true; model.class_weight=balanced; data.signal_mode=raw; data.window_len_min=5; data.max_windows_per_subject=20; data.seed=1; output_dir=logs/train/window_length/runs/winlen5min_seed1,logs/train/window_length/runs/winlen5min_seed1
winlen5min_seed1,test,window,413,288,125,0.6852300242130751,0.6543194444444445,0.7326388888888888,0.576,0.7992424242424242,0.7644927536231884,0.2952614849239066,0.7439166666666667,0.8819480436510466,raw,"['brain', 'other']",0.0,True,LogisticRegressionCV,1,data.lazy_loading=true; model.class_weight=balanced; data.signal_mode=raw; data.window_len_min=5; data.max_windows_per_subject=20; data.seed=1; output_dir=logs/train/window_length/runs/winlen5min_seed1,logs/train/window_length/runs/winlen5min_seed1
winlen5min_seed1,test,subject,41,21,20,0.6585365853658537,0.655952380952381,0.7619047619047619,0.55,0.64,0.6956521739130435,0.3196072738906446,0.7642857142857142,0.8065481640235335,raw,"['brain', 'other']",0.0,True,LogisticRegressionCV,1,data.lazy_loading=true; model.class_weight=balanced; data.signal_mode=raw; data.window_len_min=5; data.max_windows_per_subject=20; data.seed=1; output_dir=logs/train/window_length/runs/winlen5min_seed1,logs/train/window_length/runs/winlen5min_seed1
winlen5min_seed2,train,window,1610,1052,558,0.8583850931677018,0.867230194747673,0.8384030418250951,0.8960573476702509,0.9382978723404256,0.8855421686746988,0.7090747489274782,0.939947122395301,0.967677561539821,raw,"['brain', 'other']",0.0,True,LogisticRegressionCV,2,data.lazy_loading=true; model.class_weight=balanced; data.signal_mode=raw; data.window_len_min=5; data.max_windows_per_subject=20; data.seed=2; output_dir=logs/train/window_length/runs/winlen5min_seed2,logs/train/window_length/runs/winlen5min_seed2
winlen5min_seed2,train,subject,158,78,80,0.8860759493670886,0.8857371794871794,0.8589743589743589,0.9125,0.9054054054054054,0.881578947368421,0.7729622569023993,0.9652243589743588,0.9661200685134512,raw,"['brain', 'other']",0.0,True,LogisticRegressionCV,2,data.lazy_loading=true; model.class_weight=balanced; data.signal_mode=raw; data.window_len_min=5; data.max_windows_per_subject=20; data.seed=2; output_dir=logs/train/window_length/runs/winlen5min_seed2,logs/train/window_length/runs/winlen5min_seed2
winlen5min_seed2,test,window,456,270,186,0.6864035087719298,0.6682795698924732,0.7666666666666667,0.5698924731182796,0.7212543554006968,0.7432675044883303,0.342464408114794,0.6957785742731978,0.7171462800767607,raw,"['brain', 'other']",0.0,True,LogisticRegressionCV,2,data.lazy_loading=true; model.class_weight=balanced; data.signal_mode=raw; data.window_len_min=5; data.max_windows_per_subject=20; data.seed=2; output_dir=logs/train/window_length/runs/winlen5min_seed2,logs/train/window_length/runs/winlen5min_seed2
winlen5min_seed2,test,subject,41,21,20,0.6585365853658537,0.6571428571428571,0.7142857142857143,0.6,0.6521739130434783,0.6818181818181818,0.3165549546879248,0.7428571428571428,0.7326369123281802,raw,"['brain', 'other']",0.0,True,LogisticRegressionCV,2,data.lazy_loading=true; model.class_weight=balanced; data.signal_mode=raw; data.window_len_min=5; data.max_windows_per_subject=20; data.seed=2; output_dir=logs/train/window_length/runs/winlen5min_seed2,logs/train/window_length/runs/winlen5min_seed2
winlen5min_seed3,train,window,1655,1049,606,0.8688821752265861,0.8732228084581576,0.8570066730219257,0.8894389438943895,0.9306418219461696,0.8923076923076924,0.7294979138036655,0.9428986273269844,0.9652715838503716,raw,"['brain', 'other']",0.0,True,LogisticRegressionCV,3,data.lazy_loading=true; model.class_weight=balanced; data.signal_mode=raw; data.window_len_min=5; data.max_windows_per_subject=20; data.seed=3; output_dir=logs/train/window_length/runs/winlen5min_seed3,logs/train/window_length/runs/winlen5min_seed3
winlen5min_seed3,train,subject,158,78,80,0.8544303797468354,0.8546474358974359,0.8717948717948718,0.8375,0.8395061728395061,0.8553459119496856,0.7094654368741186,0.9407051282051284,0.9431549267425112,raw,"['brain', 'other']",0.0,True,LogisticRegressionCV,3,data.lazy_loading=true; model.class_weight=balanced; data.signal_mode=raw; data.window_len_min=5; data.max_windows_per_subject=20; data.seed=3; output_dir=logs/train/window_length/runs/winlen5min_seed3,logs/train/window_length/runs/winlen5min_seed3
winlen5min_seed3,test,window,411,273,138,0.6739659367396593,0.6775362318840579,0.6666666666666666,0.6884057971014492,0.8088888888888889,0.7309236947791165,0.3368915586501852,0.7094547964113183,0.8483243473475164,raw,"['brain', 'other']",0.0,True,LogisticRegressionCV,3,data.lazy_loading=true; model.class_weight=balanced; data.signal_mode=raw; data.window_len_min=5; data.max_windows_per_subject=20; data.seed=3; output_dir=logs/train/window_length/runs/winlen5min_seed3,logs/train/window_length/runs/winlen5min_seed3
winlen5min_seed3,test,subject,41,21,20,0.6829268292682927,0.6845238095238095,0.6190476190476191,0.75,0.7222222222222222,0.6666666666666666,0.3717122573986995,0.7928571428571429,0.8123637009159639,raw,"['brain', 'other']",0.0,True,LogisticRegressionCV,3,data.lazy_loading=true; model.class_weight=balanced; data.signal_mode=raw; data.window_len_min=5; data.max_windows_per_subject=20; data.seed=3; output_dir=logs/train/window_length/runs/winlen5min_seed3,logs/train/window_length/runs/winlen5min_seed3
winlen5min_seed4,train,window,1651,1058,593,0.8643246517262265,0.8693109911793865,0.8516068052930057,0.8870151770657673,0.930785123966942,0.8894373149062191,0.7195224992099857,0.9421145245252583,0.965703834196955,raw,"['brain', 'other']",0.0,True,LogisticRegressionCV,4,data.lazy_loading=true; model.class_weight=balanced; data.signal_mode=raw; data.window_len_min=5; data.max_windows_per_subject=20; data.seed=4; output_dir=logs/train/window_length/runs/winlen5min_seed4,logs/train/window_length/runs/winlen5min_seed4
winlen5min_seed4,train,subject,158,78,80,0.8734177215189873,0.8733974358974359,0.8717948717948718,0.875,0.8717948717948718,0.8717948717948718,0.7467948717948718,0.9509615384615384,0.952994746177563,raw,"['brain', 'other']",0.0,True,LogisticRegressionCV,4,data.lazy_loading=true; model.class_weight=balanced; data.signal_mode=raw; data.window_len_min=5; data.max_windows_per_subject=20; data.seed=4; output_dir=logs/train/window_length/runs/winlen5min_seed4,logs/train/window_length/runs/winlen5min_seed4
winlen5min_seed4,test,window,415,264,151,0.7325301204819277,0.7231587397150311,0.7575757575757576,0.6887417218543046,0.8097165991902834,0.7827788649706457,0.4374528147740528,0.7910646197070038,0.8674304767544633,raw,"['brain', 'other']",0.0,True,LogisticRegressionCV,4,data.lazy_loading=true; model.class_weight=balanced; data.signal_mode=raw; data.window_len_min=5; data.max_windows_per_subject=20; data.seed=4; output_dir=logs/train/window_length/runs/winlen5min_seed4,logs/train/window_length/runs/winlen5min_seed4
winlen5min_seed4,test,subject,41,21,20,0.7073170731707317,0.7059523809523809,0.7619047619047619,0.65,0.6956521739130435,0.7272727272727273,0.4148788421288711,0.8047619047619048,0.817532882255831,raw,"['brain', 'other']",0.0,True,LogisticRegressionCV,4,data.lazy_loading=true; model.class_weight=balanced; data.signal_mode=raw; data.window_len_min=5; data.max_windows_per_subject=20; data.seed=4; output_dir=logs/train/window_length/runs/winlen5min_seed4,logs/train/window_length/runs/winlen5min_seed4
